 01x01, 01x02, 01x03, 01x04, 01x05, 01x06, 01x07, 01x08, 01x09, 01x10
 02x01, 02x02, 02x03, 02x04, 02x05, 02x06, 02x07, 02x08, 02x09, 02x10
 03x01, 03x02, 03x03, 03x04, 03x05, 03x06, 03x07, 03x08, 03x09, 03x10
 04x01, 04x02, 04x03, 04x04, 04x05, 04x06, 04x07, 04x08, 04x09, 04x10
 05x01, 05x02, 05x03, 05x04, 05x05, 05x06, 05x07, 05x08, 05x09, 05x10
 06x01, 06x02, 06x03, 06x04, 06x05, 06x06, 06x07, 06x08, 06x09, 06x10
 07x01, 07x02, 07x03, 07x04, 07x05, 07x06, 07x07, 07x08, 07x09, 07x10
 08x01, 08x02, 08x03, 08x04, 08x05, 08x06, 08x07, 08x08, 08x09, 08x10
 09x01, 09x02, 09x03, 09x04, 09x05, 09x06, 09x07, 09x08, 09x09, 09x10
 10x01, 10x02, 10x03, 10x04, 10x05, 10x06, 10x07, 10x08, 10x09, 10x10
 11x01, 11x02, 11x03, 11x04, 11x05, 11x06, 11x07, 11x08, 11x09, 11x10
 12x01, 12x02, 12x03, 12x04, 12x05, 12x06, 12x07, 12x08, 12x09, 12x10
 13x01, 13x02, 13x03, 13x04, 13x05, 13x06, 13x07, 13x08, 13x09, 13x10
 14x01, 14x02, 14x03, 14x04, 14x05, 14x06, 14x07, 14x08, 14x09, 14x10
 15x01, 15x02, 15x03, 15x04, 15x05, 15x06, 15x07, 15x08, 15x09, 15x10
