commit,date,words
0000000,2022-07-30,0
b50df1a,2022-07-31,3732
dc0adac,2022-07-31,3884
e3e2397,2022-07-31,3893
0b77a9f,2022-07-31,3947
5735a67,2022-07-31,5540
f3916ba,2022-07-31,5551
ffb1de7,2022-08-01,7819
4c3ccf2,2022-08-04,7825
f92e28a,2022-08-04,7837
30cbb27,2022-08-05,12318
7b59ad1,2022-08-05,12199
c225fa1,2022-08-05,14560
bd25cd3,2022-08-06,16250
bb1ae85,2022-08-07,18469
cc55993,2022-08-16,19614
d3ccd2a,2022-08-16,26197
d686a44,2022-08-16,27390
9dbaee2,2022-08-21,27384
1ce5ade,2022-08-21,29521
505ba93,2022-08-22,32291
3ec55bd,2022-08-23,32275
de75aeb,2022-08-31,32051
f5599f0,2022-09-03,34903
5c7012a,2022-09-04,35873
